cpu_id,keyword,brand,series,benchmark,socket,price,href,image,performance_score,game_score,work_score,ai_score,value_score
1,14100,Intel,Core i3,15094,LGA1700,116700,https://prod.danawa.com/info/?pcode=98142020&keyword=14100&cate=18355271,https://img.danuri.io/catalog-image/020/142/098/e3b9a816c2334f2cb4642d15d04ff1ed.jpg,63.89,63.89,65.7,65.5,60.03
2,14100F,Intel,Core i3,15424,LGA1700,202540,https://prod.danawa.com/info/?pcode=32038895&keyword=14100F&cate=113973,https://img.danuri.io/catalog-image/895/038/032/4bbab872688149088c77e2cfb57b5182.jpg,64.11,64.11,65.9,65.7,60.02
3,12100,Intel,Core i3,12474,LGA1700,44100,https://prod.danawa.com/info/?pcode=78069698&keyword=12100&cate=18231898,https://img.danuri.io/catalog-image/698/069/078/93cecbb9c9e34d369e08d99a35313de1.jpg,62.17,62.17,64.06,63.95,60.08
4,12100F,Intel,Core i3,13959,LGA1700,190000,https://prod.danawa.com/info/?pcode=16101179&keyword=12100F&cate=113973,https://img.danuri.io/catalog-image/179/101/016/3553c02b0a4741879e9cb2db39f0cddc.jpg,63.14,63.14,64.98,64.83,60.02
5,12400,Intel,Core i5,18808,LGA1700,224490,https://prod.danawa.com/info/?pcode=16101353&keyword=12400&cate=113973,https://img.danuri.io/catalog-image/353/101/016/a732b743674647feb96a624e6dfa582c.jpg,66.33,66.33,68.01,67.7,60.02
6,12400F,Intel,Core i5,19568,LGA1700,224490,https://prod.danawa.com/info/?pcode=16101353&keyword=12400F&cate=113973,https://img.danuri.io/catalog-image/353/101/016/a732b743674647feb96a624e6dfa582c.jpg,66.83,66.83,68.49,68.15,60.02
7,12600K,Intel,Core i5,27524,LGA1700,330000,https://prod.danawa.com/info/?pcode=15752468&keyword=12600K&cate=113973,https://img.danuri.io/catalog-image/468/752/015/f7380db6c9e640d9920fde916f88cba1.jpg,72.05,72.05,73.45,72.84,60.02
8,13400,Intel,Core i5,23865,LGA1700,78410,https://prod.danawa.com/info/?pcode=26160329&keyword=13400&cate=16349342,https://img.danuri.io/catalog-image/329/160/026/82340c3e55634932a69b54f249a0313d.jpg,69.64,69.64,71.16,70.68,60.08
9,13400F,Intel,Core i5,24925,LGA1700,232440,https://prod.danawa.com/info/?pcode=18702827&keyword=13400F&cate=113973,https://img.danuri.io/catalog-image/827/702/018/a4f0f5fa2ecb4864a06f6ddf0ae738bd.jpg,70.34,70.34,71.82,71.31,60.03
10,13600K,Intel,Core i5,37481,LGA1700,385250,https://prod.danawa.com/info/?pcode=18169127&keyword=13600K&cate=113973,https://img.danuri.io/catalog-image/127/169/018/b7b14d8bea044f258d1a1021d20f4f8d.jpg,78.58,78.58,79.65,78.72,60.02
11,14400,Intel,Core i5,25096,LGA1700,245860,https://prod.danawa.com/info/?pcode=76555634&keyword=14400&cate=113973,https://img.danuri.io/catalog-image/634/555/076/ab130cd78017482facccc38b49de78e5.jpg,70.45,70.45,71.93,71.4,60.02
12,14400F,Intel,Core i5,25483,LGA1700,245860,https://prod.danawa.com/info/?pcode=76555634&keyword=14400F&cate=113973,https://img.danuri.io/catalog-image/634/555/076/ab130cd78017482facccc38b49de78e5.jpg,70.71,70.71,72.17,71.64,60.02
13,14600K,Intel,Core i5,38436,LGA1700,429360,https://prod.danawa.com/info/?pcode=28799654&keyword=14600K&cate=113973,https://img.danuri.io/catalog-image/654/799/028/38b3d57cd5814fdb82f9f83ed3744db3.jpg,79.21,79.21,80.25,79.29,60.02
14,14700,Intel,Core i7,40418,LGA1700,104500,https://prod.danawa.com/info/?pcode=104988854&keyword=14700,https://img.danuri.io/catalog-image/854/988/104/edb27362311640f3a043a18d2d6f697a.jpg,80.51,80.51,81.48,80.46,60.11
15,14700F,Intel,Core i7,41371,LGA1700,549990,https://prod.danawa.com/info/?pcode=32156936&keyword=14700F&cate=113973,https://img.danuri.io/catalog-image/936/156/032/8c5408962e284c9eb279b53934b68d84.jpg,81.13,81.13,82.07,81.02,60.02
16,14700K,Intel,Core i7,51956,LGA1700,603320,https://prod.danawa.com/info/?pcode=28920827&keyword=14700K&cate=113973,https://img.danuri.io/catalog-image/827/920/028/8437732d46bd4402bca8e5c7f1f9ed7c.jpg,88.08,88.08,88.68,87.27,60.02
17,14700KF,Intel,Core i7,52059,LGA1700,559000,https://prod.danawa.com/info/?pcode=28799498&keyword=14700KF&cate=113973,https://img.danuri.io/catalog-image/498/799/028/3f8b616dc99a4c3cb07a2c2d1eff9b37.jpg,88.14,88.14,88.73,87.33,60.02
18,14900,Intel,Core i9,44723,LGA1700,90000,https://prod.danawa.com/info/?pcode=104988818&keyword=14900,https://img.danuri.io/catalog-image/818/988/104/0c72ca0d557e461e8b13f29c30f0d9d9.jpg,83.33,83.33,84.16,83.0,60.14
19,14900K,Intel,Core i9,46588,LGA1700,768000,https://prod.danawa.com/info/?pcode=28798964&keyword=14900K&cate=113973,https://img.danuri.io/catalog-image/964/798/028/96dc699919324998899285c7ad5dfc3e.jpg,84.55,84.55,85.32,84.1,60.01
20,14900KF,Intel,Core i9,58138,LGA1700,746790,https://prod.danawa.com/info/?pcode=28799180&keyword=14900KF&cate=113973,https://img.danuri.io/catalog-image/180/799/028/000c1a5a21c84f8396c37b39faf0a923.jpg,92.13,92.13,92.52,90.92,60.02
21,225,Intel,Core Ultra 5,30508,LGA1851,6900,https://prod.danawa.com/info/?pcode=17931443&keyword=225&cate=14243294,https://img.danuri.io/catalog-image/443/931/017/213fa523c1124f02bb920666ff9a2e9e.jpg,74.0,74.0,75.3,74.6,61.32
22,225F,Intel,Core Ultra 5,31046,LGA1851,221600,https://prod.danawa.com/info/?pcode=74123111&keyword=225F&cate=113973,https://img.danuri.io/catalog-image/111/123/074/c3c593b37f8c42a2b1f2d040adc4025e.jpg,74.36,74.36,75.64,74.92,60.04
23,225T,Intel,Core Ultra 5,25874,LGA1851,9370,https://prod.danawa.com/info/?pcode=30179198&keyword=225T&cate=16249160,https://img.danuri.io/catalog-image/198/179/030/f46732beac7048958653e7576bf75428.jpg,70.96,70.96,72.41,71.86,60.82
24,235,Intel,Core Ultra 5,38124,LGA1851,4500,https://prod.danawa.com/info/?pcode=16882403&keyword=235&cate=1326319,https://img.danuri.io/catalog-image/403/882/016/42122f1396bc499fa98a61250f2096bb.jpg,79.0,79.0,80.05,79.1,62.54
25,235T,Intel,Core Ultra 5,31373,LGA1851,31200,https://prod.danawa.com/info/?pcode=7614931&keyword=235T&cate=1326319,https://img.danuri.io/catalog-image/931/614/007/9d6cd7d9ec2b4ba78b39265cb6a28356.jpg,74.57,74.57,75.84,75.11,60.3
26,245,Intel,Core Ultra 5,38616,LGA1851,290,https://prod.danawa.com/info/?pcode=1982464&keyword=245&cate=1623180,https://img.danuri.io/catalog-image/464/982/001/62d45516d995465a8b390bc80f1340a5.jpg,79.32,79.32,80.35,79.39,100.0
27,245K,Intel,Core Ultra 5,43109,LGA1851,31670,https://prod.danawa.com/info/?pcode=108470525&keyword=245K&cate=16349161,https://img.danuri.io/catalog-image/525/470/108/39d2752fc09f471794fe265915a4367f.jpg,82.27,82.27,83.16,82.04,60.4
28,245KF,Intel,Core Ultra 5,43103,LGA1851,292990,https://prod.danawa.com/info/?pcode=69059771&keyword=245KF&cate=113973,https://img.danuri.io/catalog-image/771/059/069/0b801a077f3c4e5eac495bd1957e087a.jpg,82.27,82.27,83.16,82.04,60.04
29,250K,Intel,Core Ultra 5,52314,LGA1851,357400,https://prod.danawa.com/info/?pcode=108424451&keyword=250K&cate=113973,https://img.danuri.io/catalog-image/451/424/108/028b5a624a2040858e8e6fce9ae93d0d.jpg,88.31,88.31,88.89,87.48,60.04
30,250KF,Intel,Core Ultra 5,48872,LGA1851,24840,https://prod.danawa.com/info/?pcode=16049150&keyword=250KF&cate=103278,https://img.danuri.io/catalog-image/150/049/016/d4279973026444e59c534dff23812001.jpg,86.05,86.05,86.75,85.44,60.58
31,270K,Intel,Core Ultra 7,68821,LGA1851,512900,https://prod.danawa.com/info/?pcode=108424286&keyword=270K&cate=113973,https://img.danuri.io/catalog-image/286/424/108/99707b6716c34b4ca86d6b09e240bd54.jpeg,99.14,99.14,99.18,97.23,60.03
32,265,Intel,Core Ultra 7,49696,LGA1851,476000,https://prod.danawa.com/info/?pcode=69059723&keyword=265&cate=113973,https://img.danuri.io/catalog-image/723/059/069/0e0953994b2d48eebcdb524dc9b73469.jpg,86.59,86.59,87.26,85.93,60.02
33,265F,Intel,Core Ultra 7,49354,LGA1851,510580,https://prod.danawa.com/info/?pcode=74122937&keyword=265F&cate=113973,https://img.danuri.io/catalog-image/937/122/074/4cfb925ce5ff4d5fa05ef04f8dd7be03.jpg,86.37,86.37,87.05,85.73,60.02
34,265K,Intel,Core Ultra 7,58603,LGA1851,24650,https://prod.danawa.com/info/?pcode=100942430&keyword=265K&cate=16249155,https://img.danuri.io/catalog-image/430/942/100/bc172e2f2aaf4f38976552bc5c140140.jpg,92.44,92.44,92.82,91.2,60.71
35,265KF,Intel,Core Ultra 7,58538,LGA1851,476000,https://prod.danawa.com/info/?pcode=69059723&keyword=265KF&cate=113973,https://img.danuri.io/catalog-image/723/059/069/0e0953994b2d48eebcdb524dc9b73469.jpg,92.39,92.39,92.77,91.15,60.03
36,265T,Intel,Core Ultra 7,37663,LGA1851,15801,https://prod.danawa.com/info/?pcode=17535131&keyword=265T&cate=13225412,https://img.danuri.io/catalog-image/131/535/017/7faa6b74c6fd4f27954b6575afb61c87.jpg,78.7,78.7,79.76,78.83,60.71
37,285,Intel,Core Ultra 9,57535,LGA1851,2320,https://prod.danawa.com/info/?pcode=32664779&keyword=285&cate=16322263,https://img.danuri.io/catalog-image/779/664/032/27124a7928e744c7b52a6a7b09462534.jpg,91.74,91.74,92.15,90.57,67.44
38,285K,Intel,Core Ultra 9,67252,LGA1851,915750,https://prod.danawa.com/info/?pcode=69059459&keyword=285K&cate=113973,https://img.danuri.io/catalog-image/459/059/069/f596f70b1f41408199e406a42713293e.jpeg,98.11,98.11,98.2,96.3,60.02
39,285T,Intel,Core Ultra 9,40033,LGA1851,1012510,https://prod.danawa.com/info/?pcode=96583643&keyword=285T&cate=113973,https://img.danuri.io/catalog-image/643/583/096/02206308b8194098af65e9d286804cd0.jpg,80.25,80.25,81.24,80.23,60.01
40,3400G,AMD,Ryzen 5,9166,AM4,36000,https://prod.danawa.com/info/?pcode=15921284&keyword=3400G&cate=1326319,https://img.danuri.io/catalog-image/284/921/015/a38a154fcf384e64b83a56b9b6250689.jpg,60.0,60.0,62.0,62.0,60.07
41,5500,AMD,Ryzen 5,19252,AM4,13600,https://prod.danawa.com/info/?pcode=3764753&keyword=5500&cate=10348476,https://img.danuri.io/catalog-image/753/764/003/d97008b316044ca0aa1b6416b30b9b62.jpg,66.62,66.62,68.29,67.96,60.42
42,5500GT,AMD,Ryzen 5,18991,AM4,195350,https://prod.danawa.com/info/?pcode=54218171&keyword=5500GT&cate=113990,https://img.danuri.io/catalog-image/171/218/054/897e8c2c8f4b459eb9972f5f9a0bf661.jpg,66.45,66.45,68.13,67.81,60.02
43,5600,AMD,Ryzen 5,21510,AM4,163480,https://prod.danawa.com/info/?pcode=16741211&keyword=5600&cate=113990,https://img.danuri.io/catalog-image/211/741/016/adc88269a44341158839cad040af7b1c.jpg,68.1,68.1,69.69,69.29,60.03
44,5600G,AMD,Ryzen 5,19645,AM4,125158,https://prod.danawa.com/info/?pcode=119311956&keyword=5600G&cate=18355271,https://img.danuri.io/catalog-image/956/311/119/b031a05cc4c34f8d95dcd65021be2c63.jpg,66.88,66.88,68.54,68.19,60.04
45,5600GT,AMD,Ryzen 5,20141,AM4,204700,https://prod.danawa.com/info/?pcode=60167690&keyword=5600GT&cate=113990,https://img.danuri.io/catalog-image/690/167/060/a922a03bc40a4fca92cc948f0048d21a.jpg,67.2,67.2,68.84,68.48,60.02
46,5600X,AMD,Ryzen 5,21830,AM4,960000,https://prod.danawa.com/info/?pcode=12625265&keyword=5600X&cate=113990,https://img.danuri.io/catalog-image/265/625/012/ae11273cf1854e46873670b244e18469.jpg,68.31,68.31,69.89,69.48,60.0
47,5700X,AMD,Ryzen 7,26568,AM4,299860,https://prod.danawa.com/info/?pcode=16741349&keyword=5700X&cate=113990,https://img.danuri.io/catalog-image/349/741/016/57d76ed6f1054e0092b9878f4e654167.jpg,71.42,71.42,72.85,72.28,60.02
48,5800X,AMD,Ryzen 7,27672,AM4,358400,https://prod.danawa.com/info/?pcode=12872369&keyword=5800X&cate=113990,https://img.danuri.io/catalog-image/369/872/012/e643a81ed24f4b948ac161da3aede436.jpg,72.14,72.14,73.53,72.93,60.02
49,5800X3D,AMD,Ryzen 7,28295,AM4,588660,https://prod.danawa.com/info/?pcode=122711750&keyword=5800X3D&cate=113990,https://img.danuri.io/catalog-image/750/711/122/0765bf4fb5d74b9a91c93eac0f232f58.jpeg,72.55,72.55,73.92,73.3,60.01
50,7500F,AMD,Ryzen 5,26544,AM5,174370,https://prod.danawa.com/info/?pcode=21694499&keyword=7500F&cate=113990,https://img.danuri.io/catalog-image/499/694/021/def25f4b749f47b499d21a4023537502.jpg,71.4,71.4,72.83,72.26,60.04
51,7500X3D,AMD,Ryzen 5,25075,AM5,318980,https://prod.danawa.com/info/?pcode=104223188&keyword=7500X3D&cate=113990,https://img.danuri.io/catalog-image/188/223/104/024ce0eba5f0448fab82a5962975de0d.jpg,70.44,70.44,71.92,71.4,60.02
52,7600,AMD,Ryzen 5,26977,AM5,2850,https://prod.danawa.com/info/?pcode=29807495&keyword=7600&cate=14243294,https://img.danuri.io/catalog-image/495/807/029/98bc2fcda82447bf898e097b87a2417b.jpg,71.69,71.69,73.11,72.52,62.84
53,7600X,AMD,Ryzen 5,28283,AM5,340000,https://prod.danawa.com/info/?pcode=27757619&keyword=7600X&cate=113990,https://img.danuri.io/catalog-image/619/757/027/401fe76f11614244af4830e37873f663.jpg,72.54,72.54,73.91,73.29,60.02
54,7700,AMD,Ryzen 7,34334,AM5,7130,https://prod.danawa.com/info/?pcode=75742970&keyword=7700&cate=18331907,https://img.danuri.io/catalog-image/970/742/075/0f994604a0804638b5164b4f94dbbf37.jpg,76.51,76.51,77.68,76.86,61.44
55,7700X,AMD,Ryzen 7,35513,AM5,363990,https://prod.danawa.com/info/?pcode=27945140&keyword=7700X&cate=113990,https://img.danuri.io/catalog-image/140/945/027/b7f63096e7e445e19ea42c5c5153e305.jpg,77.29,77.29,78.43,77.56,60.02
56,7800X3D,AMD,Ryzen 7,34278,AM5,446980,https://prod.danawa.com/info/?pcode=19627934&keyword=7800X3D&cate=113990,https://img.danuri.io/catalog-image/934/627/019/06dbb694db084f5b8ddca38ffa95d717.jpg,76.48,76.48,77.66,76.83,60.02
57,8600G,AMD,Ryzen 5,25189,AM5,270850,https://prod.danawa.com/info/?pcode=60170204&keyword=8600G&cate=113990,https://img.danuri.io/catalog-image/204/170/060/aa27cf4ab30a4e05bcc9321292e58654.jpg,70.51,70.51,71.98,71.46,60.02
58,8700G,AMD,Ryzen 7,31519,AM5,414980,https://prod.danawa.com/info/?pcode=58933169&keyword=8700G&cate=113990,https://img.danuri.io/catalog-image/169/933/058/ee8db602bea340d98e08afa99c3f2a7a.jpg,74.67,74.67,75.94,75.2,60.02
59,9500F,AMD,Ryzen 5,28343,AM5,219000,https://prod.danawa.com/info/?pcode=97704881&keyword=9500F&cate=113990,https://img.danuri.io/catalog-image/881/704/097/71d47148647d4c56abf5802e5e8c44a1.jpeg,72.58,72.58,73.95,73.32,60.03
60,9600X,AMD,Ryzen 5,30101,AM5,263860,https://prod.danawa.com/info/?pcode=62794079&keyword=9600X&cate=113990,https://img.danuri.io/catalog-image/079/794/062/a21e7ef2993f4154ba69804f7264dde5.jpg,73.74,73.74,75.05,74.37,60.03
61,9700X,AMD,Ryzen 7,37011,AM5,370400,https://prod.danawa.com/info/?pcode=62794082&keyword=9700X&cate=113990,https://img.danuri.io/catalog-image/082/794/062/87e11a2d022646898224f79f01fc402b.jpg,78.27,78.27,79.36,78.44,60.02
62,9800X3D,AMD,Ryzen 7,39951,AM5,649420,https://prod.danawa.com/info/?pcode=70531547&keyword=9800X3D&cate=113990,https://img.danuri.io/catalog-image/547/531/070/749fd202aa5d4ebaac1438998c3addd2.jpeg,80.2,80.2,81.19,80.18,60.01
63,9850X3D,AMD,Ryzen 7,41328,AM5,721580,https://prod.danawa.com/info/?pcode=104627873&keyword=9850X3D&cate=113990,https://img.danuri.io/catalog-image/873/627/104/b5f564ff6f4347658844c3feb6f2e965.jpg,81.1,81.1,82.04,80.99,60.01
64,9900X,AMD,Ryzen 9,54371,AM5,642750,https://prod.danawa.com/info/?pcode=63140387&keyword=9900X&cate=113990,https://img.danuri.io/catalog-image/387/140/063/79f289fdd4a24638b3d962033adc4db3.jpg,89.66,89.66,90.18,88.69,60.02
65,9950X,AMD,Ryzen 9,65748,AM5,819990,https://prod.danawa.com/info/?pcode=63140417&keyword=9950X&cate=113990,https://img.danuri.io/catalog-image/417/140/063/8b3e09b7b0f344798024a07b1e4d770b.jpg,97.13,97.13,97.27,95.42,60.02
66,9950X3D,AMD,Ryzen 9,70129,AM5,1075020,https://prod.danawa.com/info/?pcode=77790914&keyword=9950X3D&cate=113990,https://img.danuri.io/catalog-image/914/790/077/f80e6f0109e4459da565e989f77c7c8a.jpg,100.0,100.0,100.0,98.0,60.01
67,4585PX,AMD,EPYC,68908,SP5,878500,https://prod.danawa.com/info/?pcode=92678627&keyword=4585PX&cate=113990,https://img.danuri.io/catalog-image/627/678/092/cbea0553c9e9475e943e8bc65583bf76.jpg,99.2,99.2,99.24,97.28,60.02
