cpu_id,title,price,href,image
1,타이맥스 남성시계_TW4B14100,116700,https://prod.danawa.com/info/?pcode=98142020&keyword=14100&cate=18355271,https://img.danuri.io/catalog-image/020/142/098/e3b9a816c2334f2cb4642d15d04ff1ed.jpg
2,인텔 코어i3-14세대14100F(랩터레이크 리프레시),202540,https://prod.danawa.com/info/?pcode=32038895&keyword=14100F&cate=113973,https://img.danuri.io/catalog-image/895/038/032/4bbab872688149088c77e2cfb57b5182.jpg
3,쉬즈미스 스트라이프 오픈 카라 포켓 셔츠_SWWSTP12100,44100,https://prod.danawa.com/info/?pcode=78069698&keyword=12100&cate=18231898,https://img.danuri.io/catalog-image/698/069/078/93cecbb9c9e34d369e08d99a35313de1.jpg
4,인텔 코어i3-12세대12100F(엘더레이크),190000,https://prod.danawa.com/info/?pcode=16101179&keyword=12100F&cate=113973,https://img.danuri.io/catalog-image/179/101/016/3553c02b0a4741879e9cb2db39f0cddc.jpg
5,인텔 코어i5-12세대12400F (엘더레이크),224490,https://prod.danawa.com/info/?pcode=16101353&keyword=12400&cate=113973,https://img.danuri.io/catalog-image/353/101/016/a732b743674647feb96a624e6dfa582c.jpg
6,인텔 코어i5-12세대12400F(엘더레이크),224490,https://prod.danawa.com/info/?pcode=16101353&keyword=12400F&cate=113973,https://img.danuri.io/catalog-image/353/101/016/a732b743674647feb96a624e6dfa582c.jpg
7,인텔 코어i5-12세대12600K(엘더레이크),330000,https://prod.danawa.com/info/?pcode=15752468&keyword=12600K&cate=113973,https://img.danuri.io/catalog-image/468/752/015/f7380db6c9e640d9920fde916f88cba1.jpg
8,블루독베이비 백일//예쁜아기옷//PK/COZY체크프릴원피스 43A13-400-01,78410,https://prod.danawa.com/info/?pcode=26160329&keyword=13400&cate=16349342,https://img.danuri.io/catalog-image/329/160/026/82340c3e55634932a69b54f249a0313d.jpg
9,인텔 코어i5-13세대13400F(랩터레이크),232440,https://prod.danawa.com/info/?pcode=18702827&keyword=13400F&cate=113973,https://img.danuri.io/catalog-image/827/702/018/a4f0f5fa2ecb4864a06f6ddf0ae738bd.jpg
10,인텔 코어i5-13세대13600K(랩터레이크),385250,https://prod.danawa.com/info/?pcode=18169127&keyword=13600K&cate=113973,https://img.danuri.io/catalog-image/127/169/018/b7b14d8bea044f258d1a1021d20f4f8d.jpg
11,인텔 코어i5-14세대14400F (랩터레이크 리프레시),245860,https://prod.danawa.com/info/?pcode=76555634&keyword=14400&cate=113973,https://img.danuri.io/catalog-image/634/555/076/ab130cd78017482facccc38b49de78e5.jpg
12,인텔 코어i5-14세대14400F(랩터레이크 리프레시),245860,https://prod.danawa.com/info/?pcode=76555634&keyword=14400F&cate=113973,https://img.danuri.io/catalog-image/634/555/076/ab130cd78017482facccc38b49de78e5.jpg
13,인텔 코어i5-14세대14600K(랩터레이크 리프레시),429360,https://prod.danawa.com/info/?pcode=28799654&keyword=14600K&cate=113973,https://img.danuri.io/catalog-image/654/799/028/38b3d57cd5814fdb82f9f83ed3744db3.jpg
14,MSI PRO MP243L E14-700IPS 144 시력보호 게이밍 무결점,104500,https://prod.danawa.com/info/?pcode=104988854&keyword=14700,https://img.danuri.io/catalog-image/854/988/104/edb27362311640f3a043a18d2d6f697a.jpg
15,인텔 코어i7-14세대14700F(랩터레이크 리프레시),549990,https://prod.danawa.com/info/?pcode=32156936&keyword=14700F&cate=113973,https://img.danuri.io/catalog-image/936/156/032/8c5408962e284c9eb279b53934b68d84.jpg
16,인텔 코어i7-14세대14700K(랩터레이크 리프레시),603320,https://prod.danawa.com/info/?pcode=28920827&keyword=14700K&cate=113973,https://img.danuri.io/catalog-image/827/920/028/8437732d46bd4402bca8e5c7f1f9ed7c.jpg
17,인텔 코어i7-14세대14700KF(랩터레이크 리프레시),559000,https://prod.danawa.com/info/?pcode=28799498&keyword=14700KF&cate=113973,https://img.danuri.io/catalog-image/498/799/028/3f8b616dc99a4c3cb07a2c2d1eff9b37.jpg
18,MSI PRO MP243L E14-900IPS 144 시력보호 게이밍 무결점,90000,https://prod.danawa.com/info/?pcode=104988818&keyword=14900,https://img.danuri.io/catalog-image/818/988/104/0c72ca0d557e461e8b13f29c30f0d9d9.jpg
19,인텔 코어i9-14세대14900K(랩터레이크 리프레시),768000,https://prod.danawa.com/info/?pcode=28798964&keyword=14900K&cate=113973,https://img.danuri.io/catalog-image/964/798/028/96dc699919324998899285c7ad5dfc3e.jpg
20,인텔 코어i9-14세대14900KF(랩터레이크 리프레시),746790,https://prod.danawa.com/info/?pcode=28799180&keyword=14900KF&cate=113973,https://img.danuri.io/catalog-image/180/799/028/000c1a5a21c84f8396c37b39faf0a923.jpg
21,베셀 볼그립 전공 드라이버 십자225(PH2 x 100mm),6900,https://prod.danawa.com/info/?pcode=17931443&keyword=225&cate=14243294,https://img.danuri.io/catalog-image/443/931/017/213fa523c1124f02bb920666ff9a2e9e.jpg
22,인텔 코어 울트라5 시리즈2225F(애로우레이크),221600,https://prod.danawa.com/info/?pcode=74123111&keyword=225F&cate=113973,https://img.danuri.io/catalog-image/111/123/074/c3c593b37f8c42a2b1f2d040adc4025e.jpg
23,셀러허브 유아동 AGF225T아카데미 MP40 돌색 BB탄권총,9370,https://prod.danawa.com/info/?pcode=30179198&keyword=225T&cate=16249160,https://img.danuri.io/catalog-image/198/179/030/f46732beac7048958653e7576bf75428.jpg
24,스타스포츠 스타 더 폴라리스 2000H STAT-SB235H,4500,https://prod.danawa.com/info/?pcode=16882403&keyword=235&cate=1326319,https://img.danuri.io/catalog-image/403/882/016/42122f1396bc499fa98a61250f2096bb.jpg
25,스타스포츠 더 폴라리스 2000 5호 SB235TB,31200,https://prod.danawa.com/info/?pcode=7614931&keyword=235T&cate=1326319,https://img.danuri.io/catalog-image/931/614/007/9d6cd7d9ec2b4ba78b39265cb6a28356.jpg
26,동아오츠카 나랑드 사이다 제로245ml,290,https://prod.danawa.com/info/?pcode=1982464&keyword=245&cate=1623180,https://img.danuri.io/catalog-image/464/982/001/62d45516d995465a8b390bc80f1340a5.jpg
27,내셔널지오그래픽 키즈 로카 V2 K245KSN02,31670,https://prod.danawa.com/info/?pcode=108470525&keyword=245K&cate=16349161,https://img.danuri.io/catalog-image/525/470/108/39d2752fc09f471794fe265915a4367f.jpg
28,인텔 코어 울트라5 시리즈2245KF(애로우레이크),292990,https://prod.danawa.com/info/?pcode=69059771&keyword=245KF&cate=113973,https://img.danuri.io/catalog-image/771/059/069/0b801a077f3c4e5eac495bd1957e087a.jpg
29,인텔 코어 울트라5 시리즈2250KPlus (애로우레이크 리프레시),357400,https://prod.danawa.com/info/?pcode=108424451&keyword=250K&cate=113973,https://img.danuri.io/catalog-image/451/424/108/028b5a624a2040858e8e6fce9ae93d0d.jpg
30,키친아트 라팔 컴팩트 KM-250KF,24840,https://prod.danawa.com/info/?pcode=16049150&keyword=250KF&cate=103278,https://img.danuri.io/catalog-image/150/049/016/d4279973026444e59c534dff23812001.jpg
31,인텔 코어 울트라7 시리즈2270KPlus (애로우레이크 리프레시),512900,https://prod.danawa.com/info/?pcode=108424286&keyword=270K&cate=113973,https://img.danuri.io/catalog-image/286/424/108/99707b6716c34b4ca86d6b09e240bd54.jpeg
32,인텔 코어 울트라7 시리즈2265KF (애로우레이크),476000,https://prod.danawa.com/info/?pcode=69059723&keyword=265&cate=113973,https://img.danuri.io/catalog-image/723/059/069/0e0953994b2d48eebcdb524dc9b73469.jpg
33,인텔 코어 울트라7 시리즈2265F(애로우레이크),510580,https://prod.danawa.com/info/?pcode=74122937&keyword=265F&cate=113973,https://img.danuri.io/catalog-image/937/122/074/4cfb925ce5ff4d5fa05ef04f8dd7be03.jpg
34,내셔널지오그래픽키즈 K265KCR100 키즈 슬림 미니크로스백,24650,https://prod.danawa.com/info/?pcode=100942430&keyword=265K&cate=16249155,https://img.danuri.io/catalog-image/430/942/100/bc172e2f2aaf4f38976552bc5c140140.jpg
35,인텔 코어 울트라7 시리즈2265KF(애로우레이크),476000,https://prod.danawa.com/info/?pcode=69059723&keyword=265KF&cate=113973,https://img.danuri.io/catalog-image/723/059/069/0e0953994b2d48eebcdb524dc9b73469.jpg
36,시마노 ZN-265T카디프 스트림 65S,15801,https://prod.danawa.com/info/?pcode=17535131&keyword=265T&cate=13225412,https://img.danuri.io/catalog-image/131/535/017/7faa6b74c6fd4f27954b6575afb61c87.jpg
37,오뚜기 쇠고기 라면 스프285g,2320,https://prod.danawa.com/info/?pcode=32664779&keyword=285&cate=16322263,https://img.danuri.io/catalog-image/779/664/032/27124a7928e744c7b52a6a7b09462534.jpg
38,인텔 코어 울트라9 시리즈2285K(애로우레이크),915750,https://prod.danawa.com/info/?pcode=69059459&keyword=285K&cate=113973,https://img.danuri.io/catalog-image/459/059/069/f596f70b1f41408199e406a42713293e.jpeg
39,인텔 코어 울트라9 시리즈2285T(애로우레이크),1012510,https://prod.danawa.com/info/?pcode=96583643&keyword=285T&cate=113973,https://img.danuri.io/catalog-image/643/583/096/02206308b8194098af65e9d286804cd0.jpg
40,몰텐 F4A3400-G,36000,https://prod.danawa.com/info/?pcode=15921284&keyword=3400G&cate=1326319,https://img.danuri.io/catalog-image/284/921/015/a38a154fcf384e64b83a56b9b6250689.jpg
41,삼성전자 블루스카이 5000/5500전용 CFX-D100D 일체형필터,13600,https://prod.danawa.com/info/?pcode=3764753&keyword=5500&cate=10348476,https://img.danuri.io/catalog-image/753/764/003/d97008b316044ca0aa1b6416b30b9b62.jpg
42,AMD 라이젠5-4세대5500GT(세잔),195350,https://prod.danawa.com/info/?pcode=54218171&keyword=5500GT&cate=113990,https://img.danuri.io/catalog-image/171/218/054/897e8c2c8f4b459eb9972f5f9a0bf661.jpg
43,AMD 라이젠5-4세대5600(버미어),163480,https://prod.danawa.com/info/?pcode=16741211&keyword=5600&cate=113990,https://img.danuri.io/catalog-image/211/741/016/adc88269a44341158839cad040af7b1c.jpg
44,G-SHOCK DW-B5600G-1,125158,https://prod.danawa.com/info/?pcode=119311956&keyword=5600G&cate=18355271,https://img.danuri.io/catalog-image/956/311/119/b031a05cc4c34f8d95dcd65021be2c63.jpg
45,AMD 라이젠5-4세대5600GT(세잔),204700,https://prod.danawa.com/info/?pcode=60167690&keyword=5600GT&cate=113990,https://img.danuri.io/catalog-image/690/167/060/a922a03bc40a4fca92cc948f0048d21a.jpg
46,AMD 라이젠5-4세대5600X(버미어),960000,https://prod.danawa.com/info/?pcode=12625265&keyword=5600X&cate=113990,https://img.danuri.io/catalog-image/265/625/012/ae11273cf1854e46873670b244e18469.jpg
47,AMD 라이젠7-4세대5700X(버미어),299860,https://prod.danawa.com/info/?pcode=16741349&keyword=5700X&cate=113990,https://img.danuri.io/catalog-image/349/741/016/57d76ed6f1054e0092b9878f4e654167.jpg
48,AMD 라이젠7-4세대5800X(버미어),358400,https://prod.danawa.com/info/?pcode=12872369&keyword=5800X&cate=113990,https://img.danuri.io/catalog-image/369/872/012/e643a81ed24f4b948ac161da3aede436.jpg
49,AMD 라이젠7-4세대5800X3DAM4 10주년 기념 에디션 (버미어),588660,https://prod.danawa.com/info/?pcode=122711750&keyword=5800X3D&cate=113990,https://img.danuri.io/catalog-image/750/711/122/0765bf4fb5d74b9a91c93eac0f232f58.jpeg
50,AMD 라이젠5-5세대7500F(라파엘),174370,https://prod.danawa.com/info/?pcode=21694499&keyword=7500F&cate=113990,https://img.danuri.io/catalog-image/499/694/021/def25f4b749f47b499d21a4023537502.jpg
51,AMD 라이젠5-5세대7500X3D(라파엘),318980,https://prod.danawa.com/info/?pcode=104223188&keyword=7500X3D&cate=113990,https://img.danuri.io/catalog-image/188/223/104/024ce0eba5f0448fab82a5962975de0d.jpg
52,세신버팔로 고무자루 다가네 십자 드라이버7600(PH2 x 100mm),2850,https://prod.danawa.com/info/?pcode=29807495&keyword=7600&cate=14243294,https://img.danuri.io/catalog-image/495/807/029/98bc2fcda82447bf898e097b87a2417b.jpg
53,AMD 라이젠5-5세대7600X(라파엘),340000,https://prod.danawa.com/info/?pcode=27757619&keyword=7600X&cate=113990,https://img.danuri.io/catalog-image/619/757/027/401fe76f11614244af4830e37873f663.jpg
54,인터페이스 VEML7700주변 광 센서 모듈 16 비트 I2C 밝은 광 센서,7130,https://prod.danawa.com/info/?pcode=75742970&keyword=7700&cate=18331907,https://img.danuri.io/catalog-image/970/742/075/0f994604a0804638b5164b4f94dbbf37.jpg
55,AMD 라이젠7-5세대7700X(라파엘),363990,https://prod.danawa.com/info/?pcode=27945140&keyword=7700X&cate=113990,https://img.danuri.io/catalog-image/140/945/027/b7f63096e7e445e19ea42c5c5153e305.jpg
56,AMD 라이젠7-5세대7800X3D(라파엘),446980,https://prod.danawa.com/info/?pcode=19627934&keyword=7800X3D&cate=113990,https://img.danuri.io/catalog-image/934/627/019/06dbb694db084f5b8ddca38ffa95d717.jpg
57,AMD 라이젠5-5세대8600G(피닉스),270850,https://prod.danawa.com/info/?pcode=60170204&keyword=8600G&cate=113990,https://img.danuri.io/catalog-image/204/170/060/aa27cf4ab30a4e05bcc9321292e58654.jpg
58,AMD 라이젠7-5세대8700G(피닉스),414980,https://prod.danawa.com/info/?pcode=58933169&keyword=8700G&cate=113990,https://img.danuri.io/catalog-image/169/933/058/ee8db602bea340d98e08afa99c3f2a7a.jpg
59,AMD 라이젠5-6세대9500F(그래니트 릿지),219000,https://prod.danawa.com/info/?pcode=97704881&keyword=9500F&cate=113990,https://img.danuri.io/catalog-image/881/704/097/71d47148647d4c56abf5802e5e8c44a1.jpeg
60,AMD 라이젠5-6세대9600X(그래니트 릿지),263860,https://prod.danawa.com/info/?pcode=62794079&keyword=9600X&cate=113990,https://img.danuri.io/catalog-image/079/794/062/a21e7ef2993f4154ba69804f7264dde5.jpg
61,AMD 라이젠7-6세대9700X(그래니트 릿지),370400,https://prod.danawa.com/info/?pcode=62794082&keyword=9700X&cate=113990,https://img.danuri.io/catalog-image/082/794/062/87e11a2d022646898224f79f01fc402b.jpg
62,AMD 라이젠7-6세대9800X3D(그래니트 릿지),649420,https://prod.danawa.com/info/?pcode=70531547&keyword=9800X3D&cate=113990,https://img.danuri.io/catalog-image/547/531/070/749fd202aa5d4ebaac1438998c3addd2.jpeg
63,AMD 라이젠7-6세대9850X3D(그래니트 릿지),721580,https://prod.danawa.com/info/?pcode=104627873&keyword=9850X3D&cate=113990,https://img.danuri.io/catalog-image/873/627/104/b5f564ff6f4347658844c3feb6f2e965.jpg
64,AMD 라이젠9-6세대9900X(그래니트 릿지),642750,https://prod.danawa.com/info/?pcode=63140387&keyword=9900X&cate=113990,https://img.danuri.io/catalog-image/387/140/063/79f289fdd4a24638b3d962033adc4db3.jpg
65,AMD 라이젠9-6세대9950X(그래니트 릿지),819990,https://prod.danawa.com/info/?pcode=63140417&keyword=9950X&cate=113990,https://img.danuri.io/catalog-image/417/140/063/8b3e09b7b0f344798024a07b1e4d770b.jpg
66,AMD 라이젠9-6세대9950X3D(그래니트 릿지),1075020,https://prod.danawa.com/info/?pcode=77790914&keyword=9950X3D&cate=113990,https://img.danuri.io/catalog-image/914/790/077/f80e6f0109e4459da565e989f77c7c8a.jpg
67,AMD EPYC4585PX(그라도),878500,https://prod.danawa.com/info/?pcode=92678627&keyword=4585PX&cate=113990,https://img.danuri.io/catalog-image/627/678/092/cbea0553c9e9475e943e8bc65583bf76.jpg
